﻿<?xml version="1.0" encoding="utf-8"?>
<Solution xmlns="http://schemas.microsoft.com/sharepoint/" SolutionId="94633c1d-facd-47e2-b75f-d4b0bf377242" SharePointProductVersion="14.0">
  <Assemblies>
    <Assembly Location="Scenario.dll" DeploymentTarget="GlobalAssemblyCache">
      <SafeControls>
        <SafeControl Assembly="Scenario, Version=1.0.0.0, Culture=neutral, PublicKeyToken=dac3e400867bb9b7" Namespace="Scenario.DashboardShowOff" TypeName="*" />
      </SafeControls>
    </Assembly>
  </Assemblies>
  <FeatureManifests>
    <FeatureManifest Location="DashboardShowOff\Feature.xml" />
  </FeatureManifests>
</Solution>
