﻿<?xml version="1.0" encoding="utf-8"?>
<Solution xmlns="http://schemas.microsoft.com/sharepoint/" SolutionId="e44839bb-2547-43b7-8a6b-b71f532ffc5a" SharePointProductVersion="14.0">
  <Assemblies>
    <Assembly Location="Scenario01.WebParts.dll" DeploymentTarget="GlobalAssemblyCache">
      <SafeControls>
        <SafeControl Assembly="Scenario01.WebParts, Version=1.0.0.0, Culture=neutral, PublicKeyToken=1916325c2771282a" Namespace="Scenario01.WebParts.WebParts.FeedWebPart" TypeName="*" />
      </SafeControls>
    </Assembly>
  </Assemblies>
  <TemplateFiles>
    <TemplateFile Location="CONTROLTEMPLATES\Scenario01.WebParts.WebParts\FeedWebPart\FeedWebPartUserControl.ascx" />
  </TemplateFiles>
  <FeatureManifests>
    <FeatureManifest Location="Scenario01.WebParts_WebParts\Feature.xml" />
  </FeatureManifests>
</Solution>
