﻿<?xml version="1.0" encoding="utf-8"?>
<Elements xmlns="http://schemas.microsoft.com/sharepoint/">
  <Module Name="NewsPageLayouts" Url="_catalogs/masterpage" RootWebOnly="TRUE">
    <File Url="NewsArticleLeft.aspx" Type="GhostableInLibrary" Path="NewsPageLayout\NewsArticleLeft.aspx">
      <Property Name="Title" Value="News Article Left" />
      <Property Name="MasterPageDescription" Value="$Resources:cmscore,PageLayout_ArticleLeft_Description;" />
      <Property Name="ContentType" Value="$Resources:cmscore,contenttype_pagelayout_name;" />
      <Property Name="PublishingPreviewImage" Value="~SiteCollection/_catalogs/masterpage/$Resources:core,Culture;/Preview Images/ArticleLeft.png, ~SiteCollection/_catalogs/masterpage/$Resources:core,Culture;/Preview Images/ArticleLeft.png" />
      <Property Name="PublishingAssociatedContentType" Value=";#$Resources:cmscore,contenttype_articlepage_name;;#0x010100C568DB52D9D0A14D9B2FDCC96666E9F2007948130EC3DB064584E219954237AF3900242457EFB8B24247815D688C526CD44D;#"/>
    </File>
  </Module>
</Elements>
