﻿<?xml version="1.0" encoding="utf-8"?>
<Solution xmlns="http://schemas.microsoft.com/sharepoint/" SolutionId="ce608aed-6a23-4527-9862-c0860d99e83d" SharePointProductVersion="14.0">
  <Assemblies>
    <Assembly Location="Scenario01.Config.dll" DeploymentTarget="GlobalAssemblyCache" />
  </Assemblies>
  <TemplateFiles>
    <TemplateFile Location="Layouts\Scenario01\SharePointTeamBlog.xml" />
  </TemplateFiles>
  <FeatureManifests>
    <FeatureManifest Location="Scenario01.Config_GlobalConfig\Feature.xml" />
  </FeatureManifests>
</Solution>